{
  "camera_matrix": [
    [
      1680.7975650378255,
      0.0,
      599.8450039954566
    ],
    [
      0.0,
      1681.7090544133005,
      326.36278617359204
    ],
    [
      0.0,
      0.0,
      1.0
    ]
  ],
  "dist_coeffs": [
    [
      4.495411174232207e-05,
      -0.8641881877797781,
      0.0021978752400298646,
      0.0004567970567218203,
      4.8861979980667165
    ]
  ],
  "image_size": [
    1280,
    720
  ],
  "calibration_error": 0.057370862499574966,
  "pattern_size": [
    6,
    7
  ],
  "square_size": 24.0,
  "calibration_date": "2025-12-02T15:26:52.028070",
  "num_images": 15
}