{
  "camera_matrix": [
    [
      1676.4636688536546,
      0.0,
      591.9918870098171
    ],
    [
      0.0,
      1669.9712749889452,
      382.6332870154053
    ],
    [
      0.0,
      0.0,
      1.0
    ]
  ],
  "dist_coeffs": [
    [
      0.006633775802331331,
      -0.23767635440560764,
      -0.001358323438235601,
      -0.00276549687432529,
      0.8155847507762256
    ]
  ],
  "image_size": [
    1280,
    720
  ],
  "calibration_error": 0.020563666199878382,
  "pattern_size": [
    6,
    7
  ],
  "square_size": 12.0,
  "calibration_date": "2025-11-25T19:36:45.792086",
  "num_images": 22
}