{
  "camera_matrix": [
    [
      1378.3475483386744,
      0.0,
      603.2466358602023
    ],
    [
      0.0,
      1376.2822945521907,
      410.87482715271096
    ],
    [
      0.0,
      0.0,
      1.0
    ]
  ],
  "dist_coeffs": [
    [
      -0.059685299698161005,
      -0.07000296012437493,
      0.0026710345790294772,
      -0.0026853341235591765,
      0.5460774133345326
    ]
  ],
  "image_size": [
    1280,
    720
  ],
  "calibration_error": 0.05182756334885165,
  "pattern_size": [
    6,
    7
  ],
  "square_size": 24.0,
  "calibration_date": "2025-12-03T21:41:05.558289",
  "num_images": 17
}